Date,Description,Amount,Extended Details,Appears On Your Statement As,Address,City/State,Zip Code,Country,Reference,Category
06/26/2026,WHOLE FOODS MARKET SEATTLE WA,87.10,"WHOLE FOODS MARKET 10221 WESTLAKE AVE","WHOLE FOODS MKT SEA",10221 WESTLAKE AVE,"SEATTLE
WA",98109,UNITED STATES,'320261770123456789',Merchandise & Supplies-Groceries
06/24/2026,UBER *EATS 8005928996 CA,34.62,"UBER EATS  HELP.UBER.COM","UBER *EATS",1455 MARKET ST,"SAN FRANCISCO
CA",94103,UNITED STATES,'320261750987654321',Restaurant-Restaurant
06/21/2026,DD *DOORDASH BURGERPL 6505553801 CA,28.45,"DD DOORDASH BURGERPLACE","DD *DOORDASH",303 2ND ST,"SAN FRANCISCO
CA",94107,UNITED STATES,'320261720555444333',Restaurant-Restaurant
06/19/2026,PLAN IT MONTHLY PLAN FEE,7.42,"MONTHLY PLAN FEE PLAN IT","PLAN IT FEE",,,,UNITED STATES,'320261700111222333',Fees & Adjustments-Fees
06/17/2026,MEMBERSHIP REWARDS REDEMPTION,-45.00,"MEMBERSHIP REWARDS POINTS REDEMPTION","MEMBERSHIP REWARDS",,,,UNITED STATES,'320261680999888777',
06/15/2026,COSTCO WHSE #0110 SEATTLE WA,214.87,"COSTCO WHOLESALE 4401 4TH AVE S","COSTCO WHSE #0110",4401 4TH AVE S,"SEATTLE
WA",98134,UNITED STATES,'320261660777666555',Merchandise & Supplies-Wholesale Stores
07/01/2026,AUTOPAY PAYMENT RECEIVED - THANK YOU,-412.09,"AUTOPAY PAYMENT RECEIVED","AUTOPAY PAYMENT",,,,UNITED STATES,'320262010123123123',
