Transaction Date,Post Date,Description,Category,Type,Amount,Memo
06/25/2026,06/27/2026,TST* COFFEE HOUSE 0042 SEATTLE WA,Food & Drink,Sale,-6.75,
06/25/2026,06/27/2026,TST* COFFEE HOUSE 0042 SEATTLE WA,Food & Drink,Sale,-6.75,
06/24/2026,06/25/2026,WHOLEFDS SEA 10221 SEATTLE WA,Groceries,Sale,-92.41,
06/22/2026,06/23/2026,SHELL OIL 57444212345 BELLEVUE WA,Gas,Sale,-48.10,
06/20/2026,06/21/2026,AMZN Mktp US*RT4Y66TR3 Amzn.com/bill WA,Shopping,Sale,-129.99,
06/18/2026,06/19/2026,NETFLIX.COM 866-579-7172 CA,Bills & Utilities,Sale,-15.49,
06/15/2026,06/16/2026,AMZN Mktp US*RT4Y66TR3 Amzn.com/bill WA,Shopping,Return,64.99,
06/30/2026,06/30/2026,Payment Thank You-Mobile,,Payment,843.55,
06/12/2026,06/14/2026,UNITED 0162345678901 800-864-8331 TX,Travel,Sale,-412.60,
